<ImportExportXml xmlns:xsi="http://www.w3.org/2001/XMLSchema-instance">
  <Entities></Entities>
  <Roles></Roles>
  <Workflows></Workflows>
  <FieldSecurityProfiles></FieldSecurityProfiles>
  <Templates />
  <EntityMaps />
  <EntityRelationships />
  <OrganizationSettings />
  <optionsets />
  <CustomControls />
  <EntityDataProviders />
  <Connectors>
    <Connector>
      <connectorid>929b2c90-a9d7-49e2-86fc-7fb2da64b0e5</connectorid>
      <description></description>
      <displayname>Convert CSV to JSON</displayname>
      <iconbrandcolor>#007ee5</iconbrandcolor>
      <name>cr56b_convert-20csv-20to-20json</name>
      <connectortype>1</connectortype>
      <scriptoperations>["convertCSVtojSON"]</scriptoperations>
      <openapidefinition>/Connector/cr56b_convert-20csv-20to-20json_openapidefinition.json</openapidefinition>
      <connectionparameters>/Connector/cr56b_convert-20csv-20to-20json_connectionparameters.json</connectionparameters>
      <policytemplateinstances>/Connector/cr56b_convert-20csv-20to-20json_policytemplateinstances.json</policytemplateinstances>
      <customcodeblobcontent>/Connector/cr56b_convert-20csv-20to-20json_customcodeblobcontent.csx</customcodeblobcontent>
      <iconblob>/Connector/cr56b_convert-20csv-20to-20json_iconblob.Png</iconblob>
    </Connector>
  </Connectors>
  <Languages>
    <Language>1033</Language>
  </Languages>
</ImportExportXml>