{"swagger":"2.0","info":{"title":"Convert CSV to JSON","description":"","version":"1.0"},"host":"microsoft.com","basePath":"/","schemes":["https"],"consumes":[],"produces":[],"paths":{"/convertCSVtoJSON":{"post":{"responses":{"default":{"description":"default","schema":{"type":"string"}}},"summary":"Convert CSV to JSON","operationId":"convertCSVtojSON","parameters":[{"name":"body","in":"body","required":true,"schema":{"type":"object","properties":{"csvText":{"type":"string"},"csvDelimeter":{"type":"string"}}}}]}}},"definitions":{},"parameters":{},"responses":{},"securityDefinitions":{},"security":[],"tags":[]}